{"cameraMode":{"drawMode":2,"name":"Shaded Wireframe","section":"Shading Mode"},"sceneLighting":true,"audioPlay":false,"sceneViewState":{"showFog":true,"showMaterialUpdate":false,"showSkybox":true,"showFlares":true,"showImageEffects":true,"showParticleSystems":true},"in2DMode":false,"pivot":{"x":126.11963653564453,"y":4383.66015625,"z":-3431.167724609375},"rotation":{"x":0.44917812943458559,"y":-0.013400780037045479,"z":0.0067389593459665779,"w":0.8933247923851013},"size":18.210966110229493,"orthographic":false}